Project Type,Location,Vintage,Co-Benefits,Base Price
Methane Capture,Africa,2017,Medium,9.69809391605261
Energy Efficiency,Africa,2014,Medium,7.2059277584988255
Reforestation,Africa,2001,Medium,12.317767957886097
Methane Capture,South America,2009,None,6.95071673766708
Methane Capture,North America,2022,None,17.532203545734916
Energy Efficiency,South America,2011,High,10.555954794129597
Reforestation,North America,2016,High,10.622053516726945
Reforestation,South America,2007,None,12.110096427247338
Methane Capture,South America,2010,High,11.661915697486275
Renewable Energy,Europe,2002,Low,19.92286959588982
Methane Capture,South America,2005,Low,13.180716818274538
Methane Capture,Asia,2008,None,6.3230255568480604
Methane Capture,Europe,2005,High,14.10316012365395
Methane Capture,South America,2008,Medium,7.273764393048199
Energy Efficiency,Africa,2006,Low,5.46406467097013
Reforestation,Asia,2008,None,19.561132305158722
Energy Efficiency,Asia,2017,High,16.603083373018457
Energy Efficiency,Asia,2011,None,19.701634886206506
Energy Efficiency,Europe,2007,Medium,12.168176720333637
Methane Capture,South America,2007,Low,12.983862967234643
Renewable Energy,South America,2017,None,7.525054338786953
Reforestation,Africa,2019,None,8.703611400013784
Renewable Energy,Africa,2014,None,17.57823822354242
Energy Efficiency,Asia,2006,Medium,10.342784706763911
Energy Efficiency,Africa,2010,None,17.402224606946284
Renewable Energy,Europe,2019,Medium,15.635205864305476
Renewable Energy,South America,2015,Medium,7.6575638790779825
Renewable Energy,Asia,2003,Medium,12.611695491796132
Energy Efficiency,Africa,2005,Low,15.160809822780752
Energy Efficiency,Europe,2021,Low,8.525558222057377
Reforestation,Europe,2002,None,17.46032765780115
Reforestation,Africa,2008,None,13.172414863177803
Energy Efficiency,South America,2009,Low,7.478630756639048
Renewable Energy,Africa,2013,High,13.744766392469037
Renewable Energy,Asia,2010,Low,19.99570706233871
Reforestation,Africa,2017,Medium,7.257822374951203
Energy Efficiency,Europe,2021,Low,17.25135395179292
Reforestation,Africa,2011,Medium,8.10963504781337
Reforestation,South America,2022,None,16.73582494190131
Methane Capture,North America,2011,High,16.0186688468212
Methane Capture,Africa,2012,None,9.507340784006486
Methane Capture,South America,2024,Medium,9.887346763466748
Renewable Energy,South America,2012,Medium,16.887820879443787
Energy Efficiency,Europe,2018,Medium,11.92168267830969
Energy Efficiency,South America,2018,High,15.962270430677131
Energy Efficiency,South America,2022,Low,7.219762210487522
Energy Efficiency,South America,2013,None,17.7883667285233
Methane Capture,South America,2003,None,15.663270750234787
Renewable Energy,Asia,2012,Low,18.604142132522508
Renewable Energy,Asia,2007,None,6.985585685524587
Methane Capture,Europe,2022,High,13.895217505408965
Renewable Energy,Africa,2020,None,13.986808775604878
Methane Capture,South America,2022,Medium,10.301911108201736
Energy Efficiency,Africa,2018,Low,11.876996368538867
Methane Capture,Africa,2011,High,5.569723449347802
Energy Efficiency,Europe,2017,Low,16.18790057940518
Energy Efficiency,South America,2005,High,13.239837191047611
Reforestation,South America,2017,Medium,5.8661157780376065
Methane Capture,North America,2018,Low,15.211338394407283
Reforestation,Africa,2021,None,12.00173115846782
Methane Capture,Africa,2004,High,5.516918891375
Methane Capture,Asia,2023,Low,19.54411590272143
Reforestation,North America,2008,None,19.236682146341607
Reforestation,Asia,2002,Low,12.693536242207964
Methane Capture,Asia,2009,Low,6.405086310588652
Renewable Energy,Asia,2018,Low,16.319318323978877
Energy Efficiency,Europe,2002,High,12.378966501585936
Reforestation,Europe,2021,None,9.5367121743407
Energy Efficiency,Asia,2014,Medium,12.371272662928352
Renewable Energy,North America,2000,High,12.836662181081966
Renewable Energy,Africa,2006,High,13.440675485335088
Renewable Energy,North America,2011,High,11.618355704829899
Reforestation,South America,2016,Medium,14.08632954708585
Renewable Energy,Europe,2020,None,18.78102065909566
Reforestation,Africa,2023,None,10.434021306478868
Renewable Energy,Africa,2019,None,15.885746948299236
Energy Efficiency,South America,2004,Low,18.416788352363483
Energy Efficiency,South America,2003,Low,11.839689136399054
Methane Capture,Asia,2011,Low,11.651837545728561
Energy Efficiency,Europe,2019,Medium,14.031754780321693
Methane Capture,Europe,2023,Low,13.871101391337321
Energy Efficiency,North America,2017,Medium,17.098840134894154
Reforestation,Asia,2016,None,12.14725075667439
Energy Efficiency,Asia,2018,Low,19.941844244591618
Methane Capture,Asia,2008,Low,5.892073533009212
Methane Capture,Asia,2003,High,5.047517728710526
Renewable Energy,Europe,2020,Medium,14.602974673394357
Reforestation,Europe,2001,None,9.47652368542815
Energy Efficiency,Asia,2003,High,8.605735830492257
Renewable Energy,North America,2001,High,9.678486200064206
Energy Efficiency,Africa,2014,None,8.840713476574315
Energy Efficiency,Africa,2001,High,5.461850744906718
Renewable Energy,North America,2003,Medium,19.57299563585883
Renewable Energy,Asia,2005,Medium,8.311182326791727
Renewable Energy,Europe,2006,Low,16.010446438839594
Renewable Energy,Africa,2009,High,16.43894592041263
Renewable Energy,South America,2018,Low,18.93886097010844
Energy Efficiency,South America,2018,High,5.4582418564007
Renewable Energy,North America,2021,Medium,18.080725076705114
Reforestation,Asia,2011,Medium,12.908392712597003
Methane Capture,Africa,2002,Medium,14.488161649487418
Renewable Energy,Asia,2012,High,14.667054156815505
Renewable Energy,Africa,2017,Medium,17.29696707477091
Energy Efficiency,North America,2007,High,10.001109832386657
Renewable Energy,North America,2020,Low,15.9957678478999
Renewable Energy,South America,2014,High,12.928671645832956
Renewable Energy,Asia,2000,Low,16.900910214580215
Energy Efficiency,South America,2002,High,19.858190491552
Renewable Energy,Asia,2007,Low,8.009765261056419
Methane Capture,South America,2003,Medium,19.919729623399967
Energy Efficiency,Europe,2015,Low,6.347182314241611
Methane Capture,Europe,2022,Medium,5.034763218572208
Energy Efficiency,Europe,2009,Medium,5.662429042667469
Renewable Energy,Europe,2011,Low,10.126736071051425
Methane Capture,Africa,2013,High,14.493594960176512
Energy Efficiency,Europe,2013,High,6.035443113317744
Reforestation,North America,2001,None,5.084987217943509
Renewable Energy,North America,2022,High,19.05636542688192
Energy Efficiency,Africa,2004,None,17.328899539098945
Reforestation,Europe,2004,High,17.137747567085466
Energy Efficiency,Europe,2005,High,18.266364132529656
Reforestation,Europe,2012,Medium,15.500514091581566
Renewable Energy,South America,2008,None,6.566061946221222
Methane Capture,Asia,2021,High,10.986502821105846
Reforestation,South America,2014,None,15.847242296969442
Energy Efficiency,Asia,2013,Medium,9.205016911872814
Renewable Energy,Europe,2023,Medium,15.311095462043564
Reforestation,Europe,2006,None,5.367476724014785
Energy Efficiency,South America,2024,Medium,9.592060113193899
Energy Efficiency,South America,2019,Low,13.23695504415759
Energy Efficiency,Asia,2001,Low,14.481347442593634
Reforestation,North America,2006,Medium,13.655609966928662
Reforestation,Asia,2005,Low,15.466344141101443
Reforestation,South America,2016,High,5.091331223597586
Methane Capture,South America,2024,None,6.5141179996628225
Reforestation,Africa,2024,High,18.034163784187175
Reforestation,South America,2001,None,15.226229661352418
Reforestation,Africa,2002,Medium,6.69397464029017
Methane Capture,North America,2004,High,17.63111656097869
Reforestation,Asia,2004,Medium,8.633468267368503
Energy Efficiency,Asia,2000,Medium,12.173898262928352
Reforestation,Africa,2007,None,7.177947693269904
Energy Efficiency,Asia,2011,None,15.6516508463256
Energy Efficiency,South America,2023,None,15.002816315214018
Energy Efficiency,Europe,2003,High,8.166687067492042
Methane Capture,Africa,2012,Low,17.951011502855028
Methane Capture,Asia,2022,None,11.019590363295682
Methane Capture,Africa,2014,None,9.387726366061127
Reforestation,Africa,2010,High,7.2849438419680315
Energy Efficiency,Europe,2009,None,8.992520187733062
Methane Capture,South America,2002,High,5.330403818357255
Methane Capture,Africa,2021,Medium,13.748862386841733
Reforestation,Asia,2013,None,17.63346119515922
Methane Capture,North America,2015,None,13.234706741624628
Reforestation,Africa,2009,Medium,8.289109428858136
Renewable Energy,Africa,2009,Medium,5.505037673208091
Methane Capture,Europe,2011,Medium,8.219421098882043
Renewable Energy,South America,2008,None,11.241821421066385
Reforestation,North America,2000,Low,16.394171430496947
Energy Efficiency,Asia,2004,Low,7.817642788066612
Methane Capture,North America,2019,Low,15.796871800320291
Reforestation,Asia,2007,None,18.004002025278254
Energy Efficiency,South America,2010,Medium,11.809202721625356
Energy Efficiency,Asia,2011,None,17.3214798746389
Renewable Energy,Europe,2000,Medium,13.319860220526433
Reforestation,Europe,2024,None,14.556362556213575
Energy Efficiency,Europe,2021,None,12.89417690507304
Methane Capture,Europe,2019,Medium,11.947590751270127
Methane Capture,North America,2024,Low,8.51980162663774
Renewable Energy,South America,2010,Medium,9.547910891915691
Energy Efficiency,Asia,2004,High,9.349551784154135
Reforestation,Asia,2014,High,13.44933396430722
Methane Capture,Europe,2004,Medium,6.799305395358349
Energy Efficiency,Europe,2011,None,18.751875360535028
Energy Efficiency,Africa,2004,High,15.8098271792467
Renewable Energy,South America,2016,High,11.021684463697905
Methane Capture,North America,2016,None,7.379362167895669
Methane Capture,Asia,2023,None,18.229882545824537
Reforestation,Africa,2011,Low,17.356671351517477
Methane Capture,Africa,2023,None,15.82582329075769
Reforestation,Asia,2014,Medium,9.073205711168637
Methane Capture,North America,2014,Medium,11.036699561505035
Renewable Energy,Africa,2005,Low,6.54122378678635
Methane Capture,Africa,2011,High,7.835592870912976
Reforestation,South America,2019,High,16.745249559750995
Reforestation,North America,2017,None,15.725580782760257
Renewable Energy,Africa,2013,Medium,13.90228644463902
Methane Capture,North America,2001,High,18.435900888892593
Methane Capture,Asia,2008,Low,13.74899776719568
Renewable Energy,Europe,2004,Low,12.00451999945416
Methane Capture,Africa,2019,Medium,10.10556119458644
Methane Capture,South America,2000,Low,19.106727586042588
Reforestation,Asia,2022,Low,6.240731922865303
Methane Capture,North America,2002,Medium,18.963310580912125
Methane Capture,Asia,2005,None,17.400719898965274
Renewable Energy,Africa,2004,None,6.94894886803552
Renewable Energy,North America,2020,Low,13.474765365128803
Energy Efficiency,Europe,2004,None,17.998219726236304
Reforestation,Asia,2000,None,13.577137454107305
Methane Capture,Africa,2016,Low,18.607997323409336
Methane Capture,South America,2018,None,19.144757252240638
Energy Efficiency,North America,2013,Low,11.335767832764589
Methane Capture,Asia,2011,High,10.659704921094853
Reforestation,Asia,2009,Medium,19.04481730953735
Energy Efficiency,Europe,2019,Medium,15.127100917245022
Reforestation,Europe,2020,None,6.7403402202225395
Energy Efficiency,South America,2017,None,5.634376238340218
Energy Efficiency,South America,2023,None,13.469435764958947
Renewable Energy,Africa,2010,Medium,18.952564481576367
Reforestation,Africa,2001,High,17.663730536087275
Methane Capture,South America,2024,High,15.137716196965046
Methane Capture,South America,2017,Medium,7.086737733366313
Reforestation,North America,2024,High,8.813470756230434
Methane Capture,Europe,2006,Medium,18.13266839828924
Methane Capture,Africa,2023,High,7.742108549853507
Reforestation,Europe,2014,Low,9.176591123756518
Energy Efficiency,Europe,2010,Low,6.944009767931629
Reforestation,South America,2017,Medium,15.141623471216167
Energy Efficiency,North America,2022,High,19.159734580448145
Methane Capture,Asia,2011,None,9.03452047393079
Methane Capture,North America,2005,High,12.131099117751106
Methane Capture,North America,2019,Low,14.515096095668063
Renewable Energy,Europe,2022,Low,19.991993723234458
Energy Efficiency,North America,2012,High,6.572120974963582
Renewable Energy,Africa,2019,High,12.478561992585638
Renewable Energy,Europe,2015,None,10.776801798537502
Reforestation,Africa,2017,None,17.987302478335327
Renewable Energy,Asia,2009,High,12.139515965174839
Reforestation,Europe,2022,High,6.664662868777222
Reforestation,Asia,2007,High,14.516362179298754
Renewable Energy,Europe,2017,High,16.561709273958197
Energy Efficiency,South America,2020,Medium,5.0432187749842186
Energy Efficiency,North America,2000,High,17.884350281309445
Energy Efficiency,South America,2022,None,7.790345000084985
Energy Efficiency,Asia,2007,Low,13.281040469800669
Energy Efficiency,North America,2005,Medium,11.236962510311752
Renewable Energy,Europe,2004,High,15.794807249157955
Renewable Energy,North America,2014,Low,10.567424221786126
Methane Capture,Africa,2021,Medium,18.046447650225662
Energy Efficiency,North America,2014,Low,15.957445414381853
Renewable Energy,Africa,2001,High,14.715697565943822
Methane Capture,North America,2000,High,16.943608933442814
Energy Efficiency,Africa,2022,None,16.310345523925733
Reforestation,Asia,2022,High,5.5390801238233
Methane Capture,South America,2010,High,10.921015307672423
Renewable Energy,Europe,2009,Medium,18.962109459747346
Reforestation,North America,2017,None,6.885864034883394
Reforestation,South America,2017,Medium,16.05644825648077
Reforestation,Europe,2016,Low,19.618877170029947
Methane Capture,Europe,2007,High,5.782979435674575
Renewable Energy,Africa,2014,Low,15.232908209399158
Reforestation,Asia,2007,Medium,12.022312119515455
Energy Efficiency,Asia,2016,High,13.687628830620833
Reforestation,South America,2011,High,6.280120047264873
Reforestation,Asia,2007,Medium,5.6451042780040925
Methane Capture,North America,2024,Medium,15.002999908263826
Methane Capture,Asia,2013,Medium,17.349641447310766
Renewable Energy,South America,2003,Medium,16.73023002399451
Energy Efficiency,Asia,2000,Medium,13.15708591799356
Methane Capture,North America,2000,High,6.498002317042673
Reforestation,Africa,2018,Medium,15.320666657540208
Renewable Energy,South America,2015,High,8.628333253312189
Reforestation,Africa,2013,High,18.666030541510754
Reforestation,Africa,2020,Medium,17.573980393185572
Methane Capture,Africa,2015,Medium,15.640744506310863
Renewable Energy,Europe,2004,None,19.232689337466958
Energy Efficiency,Europe,2008,High,5.471327322669094
Energy Efficiency,Africa,2001,Medium,16.043006375911432
Methane Capture,South America,2017,Medium,9.95364169004608
Methane Capture,North America,2005,Medium,18.59098828529548
Renewable Energy,North America,2008,None,9.000127949929663
Energy Efficiency,Asia,2000,None,15.872847489725256
Energy Efficiency,South America,2008,Low,18.16470529476172
Energy Efficiency,Europe,2024,High,5.624852275740237
Reforestation,Africa,2015,Low,10.964713693880542
Energy Efficiency,Asia,2012,Medium,16.434635480329078
Reforestation,North America,2008,None,11.823783342613806
Renewable Energy,Europe,2020,None,9.00878944690393
Reforestation,Europe,2012,Low,8.29708023234785
Renewable Energy,Africa,2008,None,6.972774003745669
Energy Efficiency,North America,2010,Medium,17.856943397844233
Energy Efficiency,South America,2003,None,13.63033104877334
Renewable Energy,Europe,2001,Low,6.14577417487184
Methane Capture,Africa,2005,Medium,10.738704853559533
Renewable Energy,South America,2013,Low,10.516004762076648
Methane Capture,North America,2003,None,7.726087860641945
Reforestation,Europe,2005,Low,11.53261438208286
Reforestation,South America,2018,Low,9.981490480897047
Reforestation,South America,2005,High,10.127055582382738
Energy Efficiency,South America,2001,None,16.08539836681938
Reforestation,Europe,2017,None,8.348950782577944
Methane Capture,Europe,2012,Low,14.62789938283033
Reforestation,Asia,2008,High,13.559744358214022
Renewable Energy,North America,2022,None,13.52138768506801
Renewable Energy,Africa,2018,Medium,14.94511019212664
Energy Efficiency,South America,2012,Low,13.225730542934809
Renewable Energy,Asia,2010,None,18.18882672269577
Methane Capture,Africa,2000,Medium,15.133701379253898
Reforestation,Asia,2023,None,13.204448770570822
Energy Efficiency,Europe,2021,Medium,17.446446804314675
Reforestation,South America,2006,Low,14.092198474002195
Reforestation,Africa,2024,None,9.367163716777686
Methane Capture,Africa,2020,None,8.106423772648569
Renewable Energy,Africa,2014,High,7.284916784940182
Renewable Energy,Africa,2000,Low,18.491828188191526
Reforestation,Africa,2011,Medium,15.652031476970988
Energy Efficiency,Asia,2006,None,19.06067657246481
Renewable Energy,South America,2014,None,14.049377085724146
Energy Efficiency,Europe,2020,Medium,12.101013222423688
Renewable Energy,Europe,2018,Low,5.89574733456334
Energy Efficiency,Europe,2024,High,15.074634223190447
Methane Capture,Europe,2000,High,13.733131396523467
Energy Efficiency,Asia,2016,None,19.853133403814322
Methane Capture,North America,2016,Medium,8.587381666733645
Methane Capture,South America,2002,None,12.961060329302537
Energy Efficiency,Africa,2011,Medium,14.76436002677109
Methane Capture,North America,2005,High,14.668867621135155
Reforestation,Europe,2010,Low,13.419403144226042
Methane Capture,North America,2002,Medium,16.653920154908384
Renewable Energy,South America,2007,High,8.074718142902245
Energy Efficiency,Africa,2013,None,15.884408004116239
Reforestation,Africa,2013,Medium,14.296018571496338
Energy Efficiency,South America,2009,Low,18.4411266769186
Renewable Energy,South America,2001,None,17.707916585503725
Renewable Energy,Europe,2013,None,9.7272055869883
Renewable Energy,Africa,2008,High,9.143559874627297
Methane Capture,North America,2002,Medium,19.724799857786717
Methane Capture,Asia,2020,None,12.908977713728849
Energy Efficiency,Asia,2007,Low,18.596314458716552
Energy Efficiency,South America,2015,Medium,7.458215356707233
Reforestation,Europe,2001,Low,14.642283722002615
Reforestation,Asia,2005,None,17.147902810408794
Energy Efficiency,Africa,2020,Low,19.210928743796703
Methane Capture,South America,2024,High,10.060102115255352
Renewable Energy,North America,2011,Low,15.874717548860787
Energy Efficiency,South America,2004,Medium,13.082195135594286
Reforestation,North America,2001,Low,5.909433890997023
Methane Capture,South America,2015,Low,15.349996059634151
Energy Efficiency,South America,2004,High,15.351448373567651
Energy Efficiency,South America,2014,Low,18.959102072698055
Methane Capture,North America,2011,Low,12.459686692534586
Energy Efficiency,North America,2003,None,8.453763810657719
Methane Capture,South America,2014,None,5.668457351730187
Renewable Energy,Asia,2010,Medium,11.234632800288585
Methane Capture,Europe,2015,None,9.528750501162527
Methane Capture,Europe,2022,None,16.416324590358133
Methane Capture,Europe,2005,None,10.314016472615698
Energy Efficiency,North America,2013,None,19.23606794472266
Energy Efficiency,North America,2017,High,19.434653044816763
Methane Capture,Asia,2011,None,14.313628853265621
Energy Efficiency,Europe,2010,High,18.929904305223243
Reforestation,Europe,2012,High,16.412815167717433
Reforestation,South America,2020,None,13.202894614626892
Energy Efficiency,North America,2022,Low,7.704619031341672
Energy Efficiency,Europe,2010,High,11.878969152707601
Methane Capture,Asia,2022,Low,13.413116950439264
Renewable Energy,Asia,2015,Low,17.959423711025153
Energy Efficiency,Europe,2014,None,12.220000648034972
Reforestation,North America,2020,Medium,18.46512009016935
Methane Capture,Asia,2014,None,15.115234685352034
Energy Efficiency,South America,2024,Medium,7.05498594580507
Reforestation,Asia,2003,Medium,19.924720539876397
Reforestation,Africa,2010,None,12.908489911308688
Renewable Energy,Africa,2018,None,10.877874446136182
Methane Capture,North America,2014,Medium,14.886706467042897
Methane Capture,Europe,2003,None,6.633399709715587
Renewable Energy,North America,2020,Medium,14.548079701300315
Renewable Energy,North America,2012,Low,12.473540007489095
Methane Capture,North America,2021,None,11.100111049978747
Methane Capture,North America,2018,Low,19.295300317683488
Energy Efficiency,South America,2001,High,12.838095750980798
Energy Efficiency,South America,2013,Low,8.286762192049077
Renewable Energy,Asia,2003,Low,11.88445219065948
Energy Efficiency,Africa,2015,Medium,18.790811068590088
Reforestation,North America,2020,Low,7.64143206995892
Energy Efficiency,Asia,2019,None,8.209355580323553
Energy Efficiency,Africa,2013,Medium,5.1954435163562565
Reforestation,Europe,2014,High,5.212850740936508
Renewable Energy,South America,2002,None,17.440874404377688
Reforestation,Africa,2007,High,15.981839102644336
Energy Efficiency,Europe,2015,Low,10.325615846779375
Renewable Energy,Africa,2009,None,15.47466735841359
Energy Efficiency,South America,2003,None,10.928088894649553
Reforestation,South America,2017,High,19.29345193996741
Reforestation,Asia,2001,None,19.505790221390523
Energy Efficiency,North America,2016,None,10.891906637140151
Methane Capture,Africa,2012,None,17.81332859511302
Methane Capture,Africa,2003,Low,16.596335625461993
Reforestation,Europe,2024,High,9.649999057576839
Reforestation,South America,2010,None,8.48059743351659
Methane Capture,Africa,2006,Medium,11.873519755892508
Methane Capture,South America,2011,Medium,16.720232609216094
Energy Efficiency,Africa,2009,Medium,19.40251677093118
Energy Efficiency,Asia,2006,Medium,16.45368603299859
Methane Capture,North America,2012,Low,17.82810477527555
Energy Efficiency,Africa,2006,None,14.045964592557748
Energy Efficiency,South America,2023,High,17.53111746263189
Renewable Energy,Asia,2016,None,16.766312870051266
Energy Efficiency,Africa,2009,Low,10.654783128894202
Reforestation,Europe,2009,Medium,13.279854531810816
Energy Efficiency,North America,2023,Low,17.071296829845423
Energy Efficiency,Africa,2003,None,5.690851012849346
Methane Capture,Asia,2019,High,17.121189235337447
Reforestation,Europe,2003,Low,7.668321860735352
Energy Efficiency,Asia,2021,High,12.720254256821583
Energy Efficiency,Asia,2006,Low,17.124131593339065
Renewable Energy,Europe,2021,High,8.807316172350422
Energy Efficiency,Asia,2000,High,8.687111589592295
Energy Efficiency,Europe,2011,Medium,11.041465976933779
Renewable Energy,Africa,2023,High,18.419641963664517
Methane Capture,Europe,2012,Medium,5.006641721558118
Energy Efficiency,Europe,2009,None,18.520746449629023
Renewable Energy,North America,2014,None,7.307105369624116
Reforestation,Europe,2012,Medium,19.85129564101223
Methane Capture,Europe,2022,Medium,19.322704895577022
Reforestation,Africa,2021,Low,12.420127843869249
Reforestation,North America,2021,Low,12.690803717189421
Renewable Energy,South America,2020,Low,12.223240104137815
Energy Efficiency,Africa,2021,None,14.531654684892839
Renewable Energy,Africa,2008,Low,6.360825533523966
Renewable Energy,South America,2008,High,5.489269225123498
Renewable Energy,Europe,2014,High,5.865543926238483
Renewable Energy,Asia,2009,Low,11.665480238622717
Methane Capture,North America,2023,High,9.13321908829225
Energy Efficiency,Asia,2024,None,14.330593435564907
Reforestation,South America,2009,High,19.886634340621683
Reforestation,Africa,2007,None,10.794847596146989
Energy Efficiency,Africa,2023,Medium,13.6076188115677
Reforestation,North America,2015,Medium,11.234058438610031
Energy Efficiency,Africa,2016,Medium,17.709075015827892
Reforestation,Africa,2004,Medium,18.53354605193357
Renewable Energy,North America,2003,High,18.160334183078902
Reforestation,North America,2017,Low,19.61558358018886
Energy Efficiency,South America,2023,High,5.41278777710623
Energy Efficiency,Africa,2018,None,17.597242432182966
Energy Efficiency,Africa,2003,High,16.276582595586397
Energy Efficiency,South America,2006,High,8.430416141005471
Energy Efficiency,Europe,2009,None,19.344801400812912
Methane Capture,Europe,2024,Medium,7.2226689234491825
Methane Capture,Europe,2017,Medium,15.193248907008625
Reforestation,South America,2018,Medium,8.373353252238687
Energy Efficiency,Africa,2003,Low,11.47070973161112
Reforestation,South America,2009,None,15.787398454168533
Energy Efficiency,South America,2000,None,13.4498696304957
Energy Efficiency,Europe,2022,High,11.412527469921676
Methane Capture,Asia,2017,Low,9.895076463979809
Methane Capture,Africa,2004,Medium,17.594894835631855
Renewable Energy,Europe,2014,Low,7.157215254722206
Methane Capture,Asia,2016,None,11.451543147947001
Renewable Energy,Asia,2002,None,18.556363576627135
Renewable Energy,North America,2011,High,17.687743256899516
Renewable Energy,Africa,2001,High,11.014126437095701
Renewable Energy,Asia,2000,None,16.446625454019625
Renewable Energy,Europe,2022,Medium,17.34741246063289
Reforestation,North America,2020,Medium,18.333311360054445
Methane Capture,Africa,2016,Low,13.167586535738419
Renewable Energy,South America,2021,None,8.066913290820677
Energy Efficiency,Europe,2015,None,8.829636147558976
Methane Capture,Asia,2004,Medium,9.435420110624063
Methane Capture,Asia,2014,Medium,13.907037212144232
Renewable Energy,Europe,2002,None,5.492144361929126
Reforestation,Asia,2006,High,14.540637031699525
Renewable Energy,North America,2010,None,10.46531357642348
Reforestation,Africa,2009,None,9.428627037344633
Energy Efficiency,North America,2008,Medium,18.192448560921896
Methane Capture,Asia,2013,Medium,11.900035933711983
Energy Efficiency,South America,2012,High,6.425795682990392
Reforestation,Africa,2024,High,17.401201520393705
Reforestation,Africa,2024,Low,5.714618861547599
Energy Efficiency,Europe,2001,None,15.90123836252295
Reforestation,Europe,2002,Medium,16.608593326559976
Energy Efficiency,South America,2006,High,10.289039088932872
Methane Capture,Africa,2020,Low,17.3718178441668
Energy Efficiency,South America,2017,Low,12.734891087846801
Methane Capture,Europe,2002,Medium,11.949404799091951
Energy Efficiency,Europe,2009,Medium,5.6810492220303885
Reforestation,Africa,2021,Low,9.350437904733589
Energy Efficiency,North America,2006,High,18.965149563279496
Reforestation,Asia,2008,Low,10.8773594492525
Energy Efficiency,Europe,2016,None,13.200507808351524
Energy Efficiency,Europe,2010,None,12.980325184763776
Renewable Energy,North America,2006,Medium,13.8564663473404
Reforestation,North America,2023,High,5.919964334649239
Renewable Energy,South America,2013,High,10.432643821980925
Reforestation,South America,2018,None,15.846924108238312
Renewable Energy,Asia,2003,Low,8.008403766094744
Methane Capture,Asia,2005,Medium,8.053675663195406
Energy Efficiency,Africa,2009,Low,5.151359100335371
Reforestation,South America,2006,Low,11.562228899123145
Reforestation,Europe,2012,Low,18.24101571010133
Energy Efficiency,South America,2013,High,5.778514153809635
Reforestation,Europe,2003,None,7.866780642440039
Reforestation,North America,2007,High,9.651268075141326
Renewable Energy,South America,2004,None,15.975871048463194
Reforestation,North America,2000,Medium,14.609533892038797
Methane Capture,Asia,2003,Medium,11.239158568727825
Methane Capture,Asia,2002,Low,16.386034088875636
Energy Efficiency,Africa,2008,None,14.14446517485353
Reforestation,South America,2007,None,18.440611994858287
Energy Efficiency,North America,2000,None,17.270401237080396
Methane Capture,Europe,2005,Low,8.792204091338007
Reforestation,Asia,2008,Low,9.071578664513003
Reforestation,Asia,2006,Medium,6.880347136885785
Energy Efficiency,Europe,2003,High,10.054470885761848
Methane Capture,North America,2012,None,19.993158780786416
Reforestation,North America,2016,None,11.086267529225914
Energy Efficiency,South America,2001,High,8.307326520336595
Methane Capture,South America,2004,None,16.437243267133297
Energy Efficiency,Africa,2011,Low,13.13706505193984
Renewable Energy,Asia,2020,Low,7.2440217429042875
Reforestation,South America,2007,None,10.710345217412986
Renewable Energy,North America,2005,Low,11.21704573309015
Methane Capture,Europe,2007,Low,16.30744550853828
Renewable Energy,North America,2017,None,5.310070533378567
Renewable Energy,Asia,2002,Medium,9.035294701974657
Methane Capture,North America,2021,High,12.763944519732831
Energy Efficiency,Africa,2011,Low,9.03270113679265
Renewable Energy,Asia,2002,Medium,14.426510711284983
Energy Efficiency,Europe,2021,Low,12.228012189119248
Renewable Energy,Africa,2005,Low,10.42565382289371
Energy Efficiency,Asia,2001,High,19.238129403057684
Methane Capture,Europe,2022,Low,14.482392487796862
Renewable Energy,Africa,2011,High,6.949120584019118
Methane Capture,Africa,2001,High,13.401375461650932
Renewable Energy,Asia,2005,High,16.710977798013516
Methane Capture,South America,2016,Medium,15.62734546239196
Methane Capture,Africa,2002,None,7.58133843942889
Renewable Energy,Africa,2001,Medium,19.58629998560155
Renewable Energy,Europe,2022,None,11.73220468619909
Renewable Energy,North America,2019,None,7.3853750561039195
Reforestation,Asia,2007,High,7.702936311922219
Energy Efficiency,Asia,2021,Low,6.473524882836207
Reforestation,South America,2011,High,17.052771626524013
Reforestation,South America,2003,Low,6.8304574148277295
Methane Capture,Asia,2004,None,6.876878857126204
Renewable Energy,South America,2012,High,17.757074221412566
Energy Efficiency,Europe,2014,Low,10.169061266713395
Methane Capture,Asia,2024,Medium,5.462868564621087
Reforestation,South America,2022,Low,5.778429492776163
Renewable Energy,Asia,2015,High,7.132556700558434
Methane Capture,North America,2009,Medium,8.200900219635344
Renewable Energy,Africa,2024,Low,14.977192913576081
Methane Capture,Asia,2022,Low,7.359894200027424
Renewable Energy,Africa,2015,Low,6.78311586765608
Reforestation,South America,2011,Low,16.470787122144188
Energy Efficiency,Africa,2016,Low,15.065829257898717
Reforestation,Asia,2015,Medium,11.529863321828543
Energy Efficiency,North America,2011,None,13.23964657220156
Renewable Energy,South America,2007,Medium,9.679760304896277
Methane Capture,Asia,2019,Medium,12.23750630353041
Reforestation,South America,2002,Medium,12.600089734741186
Energy Efficiency,Europe,2015,None,10.808559067671439
Reforestation,Africa,2012,High,18.59858316008244
Energy Efficiency,Europe,2022,None,5.240927974715092
Reforestation,Asia,2018,Medium,16.732568946368694
Energy Efficiency,North America,2007,Low,6.865742468619865
Energy Efficiency,South America,2021,Low,16.96321040805799
Renewable Energy,Africa,2004,Medium,14.238678735150819
Energy Efficiency,South America,2019,Low,17.649171364046033
Renewable Energy,Asia,2007,Medium,6.462714884613462
Energy Efficiency,South America,2023,Low,13.384709511496611
Methane Capture,Africa,2011,None,12.516318203932956
Methane Capture,Asia,2000,High,15.59289774445038
Methane Capture,South America,2024,High,13.014358278405137
Energy Efficiency,North America,2020,None,13.111018506996563
Renewable Energy,Asia,2019,None,11.44393915364097
Renewable Energy,Asia,2005,Medium,9.632516360110113
Energy Efficiency,North America,2021,Medium,12.233965418782883
Methane Capture,Europe,2017,Medium,6.777385381526009
Methane Capture,Africa,2007,Low,19.42270008474627
Renewable Energy,Europe,2006,Medium,15.716161454398975
Methane Capture,South America,2000,None,19.2870067503177
Reforestation,North America,2020,High,8.400910734949449
Renewable Energy,Europe,2015,Low,18.19011530264792
Methane Capture,Asia,2011,Medium,17.131849768453076
Renewable Energy,South America,2005,Low,15.157286186865106
Reforestation,South America,2019,Low,14.375437791278086
Renewable Energy,Europe,2001,Medium,9.74824497901805
Renewable Energy,Europe,2013,Low,17.24616177447546
Renewable Energy,North America,2003,High,12.522731922196007
Renewable Energy,Africa,2000,None,6.0633736383692804
Reforestation,Europe,2022,None,9.69294741282695
Energy Efficiency,Europe,2017,High,19.029456478179917
Renewable Energy,Asia,2012,Low,17.760203909072693
Renewable Energy,South America,2001,Medium,19.728585471148087
Methane Capture,Africa,2008,Low,14.419900739061472
Renewable Energy,Asia,2020,High,8.712651097106178
Methane Capture,North America,2001,Low,7.442225745152957
Energy Efficiency,North America,2024,None,7.8037166091269246
Reforestation,Europe,2008,Low,5.296934875208816
Reforestation,Europe,2000,High,10.860231664789087
Energy Efficiency,North America,2010,None,7.871415207493138
Reforestation,Europe,2002,Low,11.174831906850535
Energy Efficiency,Africa,2019,Low,19.02491647758148
Energy Efficiency,Europe,2022,None,11.45810314260785
Energy Efficiency,South America,2003,Medium,18.169767454772522
Reforestation,Europe,2017,None,14.082571499238147
Methane Capture,Asia,2022,Medium,8.706973319920879
Energy Efficiency,Africa,2005,High,10.337821388888171
Renewable Energy,Asia,2002,High,6.258793037321441
Reforestation,Asia,2021,None,10.001938903940157
Energy Efficiency,South America,2010,None,15.163114182553011
Energy Efficiency,Africa,2014,High,6.081666393941528
Renewable Energy,Africa,2021,Medium,8.081021127170441
Methane Capture,Africa,2004,High,10.721615621199671
Methane Capture,Africa,2019,None,19.730743055239437
Methane Capture,Africa,2009,High,16.772927344383202
Energy Efficiency,South America,2011,None,16.002301197381556
Energy Efficiency,Europe,2014,None,6.74286434788169
Energy Efficiency,Asia,2016,High,16.714938404224874
Reforestation,Africa,2009,Medium,16.779032172740227
Renewable Energy,Europe,2005,Low,14.016540434364924
Energy Efficiency,Europe,2017,High,19.855426729975576
Renewable Energy,Asia,2012,Low,9.878808588868278
Renewable Energy,South America,2002,High,19.119086723627774
Methane Capture,North America,2023,Low,18.720966724347555
Reforestation,North America,2009,Medium,5.172209896240668
Energy Efficiency,Europe,2013,Medium,11.751747897122165
Methane Capture,Asia,2005,High,19.6565634957736
Methane Capture,North America,2002,None,6.546820436121137
Energy Efficiency,Europe,2015,Low,13.216770415749792
Renewable Energy,South America,2006,None,19.684362605616563
Methane Capture,North America,2019,None,13.332431361587902
Renewable Energy,Europe,2013,None,7.84722954458234
Reforestation,Europe,2008,Medium,13.732748451388847
Renewable Energy,Africa,2014,High,8.066608609243202
Reforestation,South America,2020,High,12.795563943417264
Renewable Energy,Africa,2002,Medium,6.11063326868522
Methane Capture,Asia,2001,Medium,14.082240038216069
Methane Capture,Africa,2001,High,12.751849086922373
Reforestation,Africa,2002,None,16.10242053142195
Energy Efficiency,North America,2017,Low,14.460507067381775
Reforestation,Europe,2013,Low,13.24409402796135
Reforestation,South America,2019,Low,15.346682738721817
Renewable Energy,Africa,2017,None,7.1591287035834625
Renewable Energy,South America,2009,High,13.930394918879061
Reforestation,Africa,2024,Medium,7.581659042341665
Methane Capture,Asia,2001,High,18.882833117778212
Renewable Energy,Africa,2024,None,6.025011572684063
Energy Efficiency,North America,2021,Medium,11.455621245361899
Renewable Energy,Europe,2000,None,15.436962164831673
Renewable Energy,Asia,2003,Low,11.87033317502388
Energy Efficiency,Africa,2013,Low,6.381428798493536
Reforestation,South America,2000,None,13.300685241900611
Energy Efficiency,Asia,2013,Medium,14.624478632410318
Reforestation,Asia,2015,Medium,15.556884664857614
Reforestation,Africa,2021,High,10.598897216941385
Reforestation,Asia,2013,Low,13.454899565431433
Energy Efficiency,South America,2019,High,11.760297124083696
Reforestation,Asia,2002,High,15.080840581283802
Methane Capture,South America,2002,None,13.753354509872278
Energy Efficiency,Africa,2008,None,12.886343293387023
Methane Capture,Europe,2005,High,8.742865502573729
Reforestation,Asia,2024,Low,5.0302777662235085
Renewable Energy,Europe,2012,None,7.611225129671439
Reforestation,South America,2020,High,6.75599062136253
Methane Capture,Asia,2001,High,11.736271175164202
Methane Capture,North America,2007,High,14.18387226142767
Energy Efficiency,Europe,2020,High,8.196275130272124
Renewable Energy,Asia,2001,High,19.085856439507808
Energy Efficiency,Europe,2003,High,5.100231938358316
Methane Capture,Asia,2024,None,16.584515227480143
Reforestation,Africa,2014,Low,14.378071542956633
Renewable Energy,Europe,2003,High,10.603322015715229
Reforestation,North America,2012,Medium,5.757334166186119
Reforestation,North America,2011,None,14.41229857676419
Renewable Energy,South America,2012,None,10.78420269298472
Energy Efficiency,Asia,2013,High,19.04400709119829
Reforestation,Europe,2019,None,13.129851123346489
Methane Capture,South America,2017,High,19.094772669402623
Reforestation,Europe,2005,Low,8.30725540209956
Renewable Energy,Asia,2010,Low,15.88588865546155
Renewable Energy,North America,2001,None,14.258735312730884
Renewable Energy,Africa,2022,None,16.091123447469677
Energy Efficiency,North America,2018,Medium,8.220017959588052
Reforestation,South America,2018,None,14.974917743566605
Energy Efficiency,Africa,2004,Medium,12.470605895853033
Energy Efficiency,South America,2018,Low,16.142374623594744
Renewable Energy,Asia,2001,Low,9.905669662277266
Renewable Energy,Africa,2009,High,18.35085538197879
Energy Efficiency,South America,2024,Low,6.264519719170256
Reforestation,Asia,2001,Medium,17.10783978186782
Methane Capture,North America,2010,None,17.91979438722636
Energy Efficiency,Asia,2017,High,17.258784670502315
Reforestation,Europe,2023,Medium,12.69089591392664
Renewable Energy,Asia,2014,None,11.57577470046142
Renewable Energy,Asia,2008,High,19.943934297873152
Reforestation,Europe,2022,Low,8.437579268212431
Methane Capture,South America,2018,Medium,13.20313948814067
Renewable Energy,South America,2008,None,15.060132880734884
Renewable Energy,Asia,2002,High,15.51301453792148
Renewable Energy,Europe,2020,High,8.06036998607868
Reforestation,Europe,2008,Low,14.809911385097019
Energy Efficiency,North America,2013,None,17.27554349722006
Renewable Energy,South America,2018,Low,5.750278652316683
Energy Efficiency,Africa,2006,Low,18.67281939987975
Methane Capture,South America,2015,None,5.442560827178089
Renewable Energy,South America,2015,None,10.339565487325915
Renewable Energy,North America,2000,None,5.237197943494431
Methane Capture,Africa,2003,Medium,6.157177528093728
Renewable Energy,North America,2003,None,18.667524277701187
Energy Efficiency,Africa,2006,High,10.322912461192217
Reforestation,Asia,2007,Low,11.371572956375793
Energy Efficiency,Africa,2016,Medium,8.23016572073829
Reforestation,North America,2004,None,13.956436552800797
Reforestation,South America,2006,Medium,13.922048220166845
Energy Efficiency,Africa,2019,None,10.58300587737829
Energy Efficiency,Africa,2019,Medium,9.995523077080975
Energy Efficiency,Europe,2003,Low,18.274464622708816
Energy Efficiency,South America,2005,Low,10.749263594633021
Methane Capture,Asia,2006,High,12.402514882316122
Renewable Energy,North America,2017,High,9.249571436373959
Reforestation,Asia,2004,None,16.80154255035691
Energy Efficiency,South America,2019,Low,10.961722353486374
Energy Efficiency,Africa,2002,Medium,12.704165698164868
Energy Efficiency,Africa,2006,Medium,8.80035755089492
Methane Capture,South America,2021,Medium,19.814893885118778
Energy Efficiency,Africa,2013,High,9.372436113855844
Energy Efficiency,Africa,2006,Medium,16.561137963583278
Energy Efficiency,Africa,2004,High,11.412434755351388
Renewable Energy,North America,2021,High,8.093261076262099
Methane Capture,North America,2004,None,16.995781459472916
Energy Efficiency,Europe,2022,Medium,10.004101835435648
Reforestation,Asia,2001,Medium,17.977900210967164
Reforestation,South America,2020,Low,18.728857773767345
Reforestation,South America,2021,None,17.897357530869137
Methane Capture,South America,2005,Low,5.525118722102085
Methane Capture,Europe,2014,None,16.810600175076583
Reforestation,North America,2020,Medium,11.170091997487159
Energy Efficiency,Europe,2009,High,18.105843802733375
Methane Capture,South America,2022,High,14.569313940271082
Reforestation,Asia,2023,High,17.504647012159374
Reforestation,Africa,2006,High,12.491476548002531
Energy Efficiency,North America,2004,High,13.025382568983993
Renewable Energy,North America,2000,Low,7.1658144820050085
Methane Capture,Europe,2012,None,16.759810380340333
Energy Efficiency,North America,2020,Medium,11.290844175004574
Reforestation,South America,2017,Low,12.501201774073738
Reforestation,South America,2012,None,16.776465711435613
Energy Efficiency,Europe,2020,High,13.982681001191585
Methane Capture,South America,2020,None,8.016480911640011
Renewable Energy,Asia,2017,None,13.853489887263391
Renewable Energy,Europe,2004,High,11.114492869694836
Reforestation,Asia,2012,High,12.04288313065794
Methane Capture,Africa,2003,High,5.4246691160400164
Renewable Energy,Asia,2016,Medium,8.150440242744224
Methane Capture,Africa,2002,High,9.215571220715423
Methane Capture,Africa,2016,Medium,15.694400117882086
Reforestation,Asia,2010,High,5.17238709947173
Renewable Energy,Europe,2020,Medium,11.13165891843698
Energy Efficiency,South America,2019,None,18.86040305638599
Reforestation,South America,2022,Low,6.678209248236858
Renewable Energy,Africa,2020,None,12.746365823279167
Renewable Energy,Africa,2003,None,16.797835735862705
Renewable Energy,Europe,2001,High,19.13796961280175
Renewable Energy,North America,2019,Medium,16.20164959300577
Renewable Energy,Asia,2015,Low,15.808483229666091
Methane Capture,Africa,2017,High,17.397321352936437
Reforestation,South America,2007,High,11.693018314663155
Methane Capture,Europe,2002,High,17.087667989267494
Energy Efficiency,Asia,2008,None,5.119466071181767
Renewable Energy,Europe,2019,Medium,18.868415830652076
Reforestation,Asia,2005,Medium,11.64959764275763
Renewable Energy,Asia,2009,Low,13.300702817986213
Reforestation,Africa,2020,Medium,8.823233733723235
Methane Capture,Europe,2009,Medium,16.13796249260632
Reforestation,Europe,2012,High,6.149537097128732
Energy Efficiency,South America,2016,High,18.08953703820253
Energy Efficiency,South America,2008,None,17.421752435095144
Reforestation,Africa,2016,High,8.240901743671497
Reforestation,Africa,2023,High,17.139865974278933
Reforestation,North America,2008,High,16.79536599592222
Reforestation,South America,2008,High,14.483248966309235
Energy Efficiency,Asia,2000,None,10.602802653495313
Renewable Energy,Europe,2001,High,9.072481312728017
Reforestation,Africa,2015,Low,8.47675385434025
Reforestation,Europe,2000,Low,9.779134441454108
Energy Efficiency,Europe,2009,Low,18.553376651487955
Energy Efficiency,North America,2017,Low,6.164611639831719
Methane Capture,South America,2007,High,17.43306914379438
Reforestation,Africa,2020,Low,10.233351125627355
Methane Capture,Europe,2010,High,12.823990940170372
Energy Efficiency,Africa,2022,None,16.917284504727363
Energy Efficiency,Asia,2001,Low,18.26564820534457
Renewable Energy,North America,2007,Medium,10.171721301089704
Reforestation,Asia,2021,Low,11.927652219126655
Methane Capture,Africa,2007,Low,11.217740972251883
Energy Efficiency,Africa,2016,High,5.1987655025586585
Energy Efficiency,South America,2014,Low,9.43914333287985
Methane Capture,Europe,2016,Medium,11.887838505988427
Renewable Energy,Europe,2022,High,11.166404133206598
Energy Efficiency,Asia,2023,High,15.82893841273519
Reforestation,North America,2012,None,10.772054258316548
Energy Efficiency,Europe,2018,None,12.340646734560053
Reforestation,South America,2004,Low,11.44412888198545
Methane Capture,Asia,2011,None,16.109392233415555
Reforestation,Asia,2000,None,17.94458598480444
Methane Capture,South America,2022,None,12.978336185112713
Reforestation,North America,2004,High,16.841482912927866
Methane Capture,South America,2007,High,9.45180023029776
Reforestation,North America,2012,High,13.120544152359031
Renewable Energy,South America,2007,None,10.178449305049586
Reforestation,South America,2024,High,11.213013883577455
Reforestation,Africa,2022,None,15.986207972190028
Renewable Energy,Asia,2010,High,18.22493723499069
Energy Efficiency,South America,2000,High,6.822430866316481
Energy Efficiency,South America,2012,Medium,14.519588847310708
Reforestation,Europe,2018,Low,13.732157113666977
Renewable Energy,Asia,2023,None,6.776225587638978
Reforestation,Europe,2002,Medium,8.178414956601635
Methane Capture,Asia,2023,High,9.665037420990204
Methane Capture,Europe,2016,None,7.503966062262522
Reforestation,South America,2004,High,8.655942237865126
Energy Efficiency,South America,2019,Low,9.014011982925613
Energy Efficiency,Africa,2020,Medium,10.035107495585894
Reforestation,Europe,2007,Low,16.240856792017386
Reforestation,North America,2013,Medium,13.57868305775901
Methane Capture,Africa,2003,High,19.793700079271023
Energy Efficiency,Europe,2010,Low,11.221037404512066
Reforestation,Europe,2019,Low,16.307976107553877
Methane Capture,Africa,2014,High,18.072026320648007
Energy Efficiency,South America,2018,Low,15.18467739557063
Renewable Energy,Europe,2006,None,11.17797110626244
Methane Capture,South America,2018,Medium,16.303919461186297
Energy Efficiency,Africa,2018,Medium,8.055007066590273
Energy Efficiency,South America,2010,Medium,9.913282477701987
Methane Capture,Asia,2004,None,13.200278826489331
Renewable Energy,North America,2004,Medium,13.631140809292225
Methane Capture,Europe,2021,High,5.332122132089442
Energy Efficiency,North America,2007,Low,19.176712831340133
Reforestation,South America,2009,None,15.44940906826085
Reforestation,Europe,2005,Medium,12.435556253478365
Methane Capture,South America,2014,High,18.996908516124627
Energy Efficiency,Asia,2015,Low,11.586433478762427
Reforestation,Africa,2016,Low,19.706533554055575
Energy Efficiency,Europe,2007,None,12.684271358652277
Methane Capture,Asia,2007,None,6.714286549969692
Reforestation,Asia,2024,None,16.47201458688916
Energy Efficiency,Europe,2008,High,15.183465876167608
Reforestation,South America,2001,High,16.594800819583803
Methane Capture,Asia,2014,None,19.271630430885217
Energy Efficiency,North America,2017,Medium,16.64733953976527
Reforestation,Asia,2002,Low,14.170049033249704
Methane Capture,South America,2016,Low,17.859633535412613
Reforestation,South America,2003,High,15.098696590317973
Reforestation,North America,2003,Low,11.121785852388847
Renewable Energy,Asia,2013,Medium,18.284296463626596
Renewable Energy,South America,2008,Low,8.328506911765594
Methane Capture,Europe,2008,High,15.719619123630864
Renewable Energy,Africa,2024,High,18.223451824111354
Methane Capture,Africa,2022,Medium,15.969747795549443
Renewable Energy,Africa,2017,Medium,15.459131285807853
Reforestation,Asia,2009,Low,16.28957441107754
Methane Capture,North America,2020,Low,11.975828724509665
Methane Capture,South America,2003,High,18.112560232355392
Reforestation,Europe,2011,Medium,8.051547127041367
Methane Capture,Europe,2007,Medium,6.910796240005089
Methane Capture,Asia,2001,Medium,9.282631701777674
Renewable Energy,Africa,2021,Low,12.973660951624897
Methane Capture,Asia,2012,Medium,12.65842693114007
Energy Efficiency,North America,2020,High,17.3089813651488
Reforestation,North America,2015,High,11.068529846060262
Renewable Energy,South America,2001,Low,12.26516639437263
Renewable Energy,South America,2010,None,5.200515248890935
Energy Efficiency,North America,2009,Low,11.146088546644087
Reforestation,North America,2014,None,14.716613494255132
Reforestation,North America,2016,Medium,5.2326249593988825
Renewable Energy,Asia,2007,Low,9.213229477793657
Methane Capture,North America,2017,High,8.119345389340848
Renewable Energy,Europe,2022,Medium,5.629781433643823
Reforestation,Africa,2008,High,12.188901348718062
Energy Efficiency,North America,2024,Medium,7.725849398422348
Renewable Energy,Africa,2007,Low,16.146223094470702
Reforestation,Asia,2013,None,17.718918256450227
Renewable Energy,Africa,2024,Medium,13.183777740037216
Methane Capture,Asia,2017,None,19.72561013781712
Renewable Energy,Europe,2021,Medium,11.75717857205893
Renewable Energy,Asia,2019,High,12.700523153373734
Reforestation,Asia,2019,High,19.838266309366254
Reforestation,South America,2020,Medium,8.473226539475732
Reforestation,North America,2011,None,19.138189095153578
Renewable Energy,North America,2018,Low,5.642563326786699
Methane Capture,Europe,2013,Low,11.695803353947921
Energy Efficiency,Europe,2016,High,6.050052681995987
Energy Efficiency,North America,2023,Low,15.938521143704644
Reforestation,South America,2020,High,14.126134038200266
Reforestation,North America,2002,Low,15.599513952013947
Renewable Energy,South America,2022,Medium,10.617205999520255
Energy Efficiency,Europe,2006,High,10.542229010470704
Reforestation,Africa,2016,High,5.679789184413419
Methane Capture,Europe,2011,Medium,10.249174092944596
Methane Capture,Europe,2008,High,18.93932603393089
Reforestation,Asia,2014,Low,10.688398057706735
Reforestation,Asia,2017,Low,17.47051559332955
Energy Efficiency,Asia,2020,High,17.634882571249012
Energy Efficiency,Asia,2012,Low,10.598617345688506
Renewable Energy,South America,2020,None,14.479830205942836
Energy Efficiency,North America,2007,High,6.43057403409588
Methane Capture,Africa,2013,Medium,6.555178711014147
Methane Capture,Europe,2007,None,5.7298649549256995
Reforestation,South America,2013,High,13.715226400626642
Energy Efficiency,Africa,2006,Medium,11.391064664391456
Renewable Energy,South America,2022,Low,13.220485349963601
Methane Capture,South America,2011,Medium,12.816097857625817
Methane Capture,Europe,2010,None,10.253044866360954
Renewable Energy,North America,2021,Low,15.162101222352094
Renewable Energy,Asia,2021,High,16.37752821374586
Methane Capture,North America,2010,Low,5.219423883165136
Methane Capture,Europe,2024,High,8.108634496533174
Renewable Energy,Europe,2021,High,15.698538021250052
Methane Capture,Europe,2012,Medium,10.799302589507512
Reforestation,Africa,2017,Medium,14.937259204124123
Reforestation,North America,2001,Medium,10.204439896018377
Renewable Energy,North America,2020,None,10.861327284944556
Energy Efficiency,South America,2014,None,7.3801831053452736
Renewable Energy,South America,2019,Medium,8.8734652949924
Renewable Energy,South America,2017,None,14.081176362613808
Energy Efficiency,Europe,2014,Low,11.497446669727495
Energy Efficiency,North America,2018,Low,16.61454024416893
Energy Efficiency,Europe,2022,None,17.788774324075142
Reforestation,Africa,2023,None,13.124696273251399
Methane Capture,South America,2011,Low,16.37400938084089
Reforestation,Europe,2012,High,9.60356769791855
Methane Capture,Europe,2021,Low,11.224568231001173
Reforestation,Africa,2010,Low,15.691665143252465
Methane Capture,Asia,2004,None,10.79317989225546
Reforestation,North America,2000,Low,13.827574027384832
Energy Efficiency,Asia,2023,None,7.780591686237672
Renewable Energy,South America,2002,None,13.99656972455747
Reforestation,Europe,2021,Medium,17.922705608403405
Methane Capture,Africa,2018,Low,18.029594597351384
Energy Efficiency,Africa,2022,High,15.865166094943095
Reforestation,North America,2006,Medium,16.18630068614189
Reforestation,Asia,2011,None,13.36891167726051
Energy Efficiency,North America,2014,None,13.770021352487372
Reforestation,Europe,2024,High,7.00475872115777
Renewable Energy,North America,2004,None,11.657887826319516
Reforestation,Africa,2014,Low,11.761644258295458
Renewable Energy,Africa,2007,Medium,19.377467535016102
Renewable Energy,South America,2009,None,11.46630293934934
Energy Efficiency,South America,2015,None,13.240139673541364
Reforestation,Europe,2007,High,12.998770989186538
Energy Efficiency,Asia,2000,Low,14.551425755664907
Reforestation,North America,2011,None,16.22349246997844
Reforestation,Europe,2004,High,8.375628142563082
Methane Capture,South America,2002,None,12.930866286476537
Reforestation,North America,2000,High,17.388765609740457
Energy Efficiency,South America,2003,High,11.946720707562672
Renewable Energy,North America,2007,Low,9.176863195603595
Reforestation,Asia,2002,None,14.820636130344486
Methane Capture,Europe,2009,Low,17.356510936986844
Energy Efficiency,North America,2001,High,5.94710439391087
Reforestation,Africa,2010,Medium,16.651857251108407
Energy Efficiency,Africa,2024,None,17.32471899442657
Methane Capture,North America,2009,Medium,11.922843913829102
Methane Capture,North America,2020,None,19.74958485227701
Energy Efficiency,North America,2013,Low,16.800625110609637
Reforestation,Africa,2006,Low,16.604938473434984
Renewable Energy,Africa,2001,Low,16.21757861618108
Methane Capture,North America,2008,Low,7.25912154827411
Reforestation,South America,2015,Low,8.258463296795162
Reforestation,South America,2012,Medium,11.959851971966376
Renewable Energy,Asia,2008,Low,8.960065249391988
Methane Capture,Europe,2019,High,11.228614585010607
Methane Capture,South America,2003,High,18.32696164884381
Reforestation,Africa,2021,Medium,17.364903378189037
Reforestation,South America,2009,None,14.450598177199733
Renewable Energy,Asia,2021,High,17.87180591376655
Renewable Energy,Asia,2011,None,16.75658583525874
Methane Capture,Europe,2016,Medium,11.434773977613357
Energy Efficiency,South America,2013,None,8.015977280749176
Methane Capture,Africa,2013,None,12.71301560014009
Reforestation,Africa,2024,None,16.04343323792825
Methane Capture,North America,2001,None,11.546293980943895
Energy Efficiency,Africa,2020,Medium,15.001578646758459
Renewable Energy,Europe,2024,High,6.414911394365655
Energy Efficiency,Europe,2019,Low,16.220071045571054
Energy Efficiency,Africa,2010,None,17.19070429839593
Energy Efficiency,Africa,2015,High,15.602567836708117
Renewable Energy,North America,2018,High,19.508953812895484
Energy Efficiency,Africa,2022,Medium,17.399780861909605
Energy Efficiency,North America,2005,High,18.546405918148075
Energy Efficiency,North America,2023,Medium,19.00356625186472
Reforestation,Africa,2018,None,17.020219878107127
Energy Efficiency,Asia,2004,None,15.113882630097487
Renewable Energy,Asia,2003,Low,5.085778720411839
Energy Efficiency,North America,2014,Low,11.98738629834687
Energy Efficiency,Africa,2003,Low,13.567434479335414
Renewable Energy,Asia,2019,High,9.560454086719995
Energy Efficiency,Africa,2009,None,9.77156670355208
Renewable Energy,Africa,2023,Medium,19.417391235652477
Energy Efficiency,Africa,2021,Low,18.375662978041188
Renewable Energy,South America,2002,Medium,17.737685082525566
Energy Efficiency,Africa,2004,Medium,11.09017702559166
Energy Efficiency,South America,2005,Low,5.205478256133718
Reforestation,North America,2020,None,6.203333696835712
Reforestation,Asia,2021,Low,9.682945523264054
Energy Efficiency,Asia,2007,Medium,5.236143694935155
Energy Efficiency,Asia,2006,Low,5.257246728727972
Methane Capture,Asia,2020,Medium,18.749049524636163
